[
    {
        "DateTime": "2022-12-01T08:04:36.000+02:00",
        "height": "0.254670866"
    },
    {
        "DateTime": "2022-12-01T08:04:46.000+02:00",
        "height": "0.264586026"
    },
    {
        "DateTime": "2022-12-01T08:04:56.000+02:00",
        "height": "0.274501185"
    },
    {
        "DateTime": "2022-12-01T08:05:06.000+02:00",
        "height": "0.284416344"
    },
    {
        "DateTime": "2022-12-01T08:05:16.000+02:00",
        "height": "0.294331504"
    },
    {
        "DateTime": "2022-12-01T08:05:26.000+02:00",
        "height": "2.954473138"
    },
    {
        "DateTime": "2022-12-01T08:05:36.000+02:00",
        "height": "9.019880772"
    },
    {
        "DateTime": "2022-12-01T08:05:46.000+02:00",
        "height": "14.98298514"
    },
    {
        "DateTime": "2022-12-01T08:05:56.000+02:00",
        "height": "20.4519403"
    },
    {
        "DateTime": "2022-12-01T08:06:06.000+02:00",
        "height": "25.10183158"
    },
    {
        "DateTime": "2022-12-01T08:06:16.000+02:00",
        "height": "25.11079233"
    },
    {
        "DateTime": "2022-12-01T08:06:26.000+02:00",
        "height": "25.11975309"
    },
    {
        "DateTime": "2022-12-01T08:06:36.000+02:00",
        "height": "25.12871384"
    },
    {
        "DateTime": "2022-12-01T08:06:46.000+02:00",
        "height": "25.13767459"
    },
    {
        "DateTime": "2022-12-01T08:06:56.000+02:00",
        "height": "25.14663535"
    },
    {
        "DateTime": "2022-12-01T08:07:06.000+02:00",
        "height": "25.1555961"
    },
    {
        "DateTime": "2022-12-01T08:07:16.000+02:00",
        "height": "25.16455686"
    },
    {
        "DateTime": "2022-12-01T08:07:26.000+02:00",
        "height": "25.17351761"
    },
    {
        "DateTime": "2022-12-01T08:07:36.000+02:00",
        "height": "25.18247837"
    },
    {
        "DateTime": "2022-12-01T08:07:46.000+02:00",
        "height": "25.19143912"
    },
    {
        "DateTime": "2022-12-01T08:07:56.000+02:00",
        "height": "25.20039987"
    },
    {
        "DateTime": "2022-12-01T08:08:06.000+02:00",
        "height": "25.20936063"
    },
    {
        "DateTime": "2022-12-01T08:08:16.000+02:00",
        "height": "25.21832138"
    },
    {
        "DateTime": "2022-12-01T08:08:26.000+02:00",
        "height": "25.22728214"
    },
    {
        "DateTime": "2022-12-01T08:08:36.000+02:00",
        "height": "25.23624289"
    },
    {
        "DateTime": "2022-12-01T08:08:46.000+02:00",
        "height": "25.24520364"
    },
    {
        "DateTime": "2022-12-01T08:08:56.000+02:00",
        "height": "25.2541644"
    },
    {
        "DateTime": "2022-12-01T08:09:06.000+02:00",
        "height": "25.26312515"
    },
    {
        "DateTime": "2022-12-01T08:09:16.000+02:00",
        "height": "25.27208591"
    },
    {
        "DateTime": "2022-12-01T08:09:26.000+02:00",
        "height": "25.28104666"
    }
]